[
    {
        "taskIndex": 0,
        "requirementIndex": 0,
        "requirementVersionIndex": 1,
        "specifications": {
            "instructions": "Write a haiku in a text file named 'haiku.txt' with the 5-7-5 syllable structure."
        }
    },
    {
        "taskIndex": 1,
        "requirementIndex": 0,
        "requirementVersionIndex": 1,
        "specifications": {
            "instructions": "Every word in the haiku in the file 'haiku.txt' has a length of 5 letters."
        }
    }
]
