[
    {
        "taskIndex": 0,
        "requirementIndex": 0,
        "requirementVersionIndex": 1,
        "specifications": {
            "instructions": "Create a tutorial video file in the submission, 'tutorial.mp4' or 'tutorial.mov'. The same video should be publicly available on YouTube."
        }
    },
    {
        "taskIndex": 1,
        "requirementIndex": 0,
        "requirementVersionIndex": 1,
        "specifications": {
            "instructions": "Create a text file in the submission, 'tutorialLink.txt' that is a hyperlink to the publicly available YouTube video tutorial from the tutorial video file."
        }
    },
    {
        "taskIndex": 2,
        "requirementIndex": 0,
        "requirementVersionIndex": 1,
        "specifications": {
            "instructions": "The Ethereum address of the worker submission for this task is displayed in the YouTube video description."
        }
    },
    {
        "taskIndex": 3,
        "requirementIndex": 0,
        "requirementVersionIndex": 1,
        "specifications": {
            "instructions": "The YouTube tutorial video has 10,000 or more views."
        }
    },
    {
        "taskIndex": 4,
        "requirementIndex": 0,
        "requirementVersionIndex": 1,
        "specifications": {
            "instructions": "The tutorial video uses the Ethereum or Sepolia network to interact with the Freelance Society website hosted at https://freelancesociety.app/index.html, https://spiderman303e24.github.io/FreelanceSociety/TheDarkKnight/Frontend/index.html, https://peterparker303e24.github.io/FreelanceSociety/TheDarkKnight/Frontend/index.html, or locally hosted."
        }
    },
    {
        "taskIndex": 5,
        "requirementIndex": 0,
        "requirementVersionIndex": 1,
        "specifications": {
            "instructions": "The tutorial video displays how to create a hash task by creating a puzzle with a text solution that when hashed with keccak256 in UTF-8 encoding results in the hash value used in the task. Then the steps to submit a solution to the hash task are displayed in the video."
        }
    },
    {
        "taskIndex": 6,
        "requirementIndex": 0,
        "requirementVersionIndex": 1,
        "specifications": {
            "instructions": "The tutorial video displays how to create a double hash task by creating a puzzle with a text solution that when hashed with keccak256 and hashed again with keccak256 in UTF-8 encoding results in the hash value used in the task. Then the steps to submit a solution to the double hash task are displayed in the video."
        }
    },
    {
        "taskIndex": 7,
        "requirementIndex": 0,
        "requirementVersionIndex": 1,
        "specifications": {
            "instructions": "The tutorial video displays how to create a validator task by creating a set of conditions that must be met by the worker data submission. This request can be anything that can be represented as data such as an image, a game, a program, a video... Then the steps to submit a worker submission to the validator task are displayed in the video. Then the steps to submit a validation for the submission are displayed in the video."
        }
    }
]
