[
    {
        "taskIndex": 0,
        "requirementIndex": 0,
        "requirementVersionIndex": 1,
        "specifications": {
            "instructions": "Create a video file in the submission, 'WaynesWorldClipEdit.mp4' that is an edit of the existing video file 'WaynesWorldClip.mp4' in this task."
        }
    },
    {
        "taskIndex": 1,
        "requirementIndex": 0,
        "requirementVersionIndex": 1,
        "specifications": {
            "instructions": "The video file uses AI video editing (or traditional video editing if the quality matches the state of AI video editing quality) to remove the visual advertisements for Pizza Hut, Doritos, Reebok, Nuprin, and Pepsi. The ads should be replaced with the made up brands Pizza House, Cheezos, Dripz, Ache-Away, and Soder respectively."
        }
    },
    {
        "taskIndex": 2,
        "requirementIndex": 0,
        "requirementVersionIndex": 1,
        "specifications": {
            "instructions": "With the state of AI video generation in mind, the video edit quality can be imperfect, but should follow the following guidelines. The video edits should be minimal, where the AI edits are strictly affecting the appearance of the advertisements, with minimal affect of the actors, sets, backgrounds, dialogue, timing, and actor movements. The advertisements and the actor interactions with them remain, but are replaced with the new ad names."
        }
    }
]
