[
    {
        "taskIndex": 0,
        "requirementIndex": 0,
        "requirementVersionIndex": 1,
        "specifications": {
            "instructions": "Create a text file in the submission, 'post.txt'. The text file has the headers 'LINK' which is a hyperlink to the Reddit post, 'TITLE' with the same content as the Reddit post title, and 'DESCRIPTION' with the same content as the Reddit post description. The same content should be publicly available on Reddit at the provided link."
        }
    },
    {
        "taskIndex": 1,
        "requirementIndex": 0,
        "requirementVersionIndex": 1,
        "specifications": {
            "instructions": "The Reddit post may exist in any subreddit, but must contain a mention of 'Freelance Society' with any accurate description of the platform, a mention of some way to interact with the website, and the Ethereum address of the worker submission for this task."
        }
    },
    {
        "taskIndex": 2,
        "requirementIndex": 0,
        "requirementVersionIndex": 1,
        "specifications": {
            "instructions": "The Reddit post has 5,000 or more upvotes."
        }
    }
]
