[
    {
        "taskIndex": 0,
        "requirementIndex": 1,
        "requirementVersionIndex": 1,
        "specifications": {
            "instructions": "In the Sepolia network (an Ethereum testnet), download the data of the h-2 hash task. This can be done in the PeterParker303e24 GitHub page: 'https://peterparker303e24.github.io/FreelanceSociety/TheDarkKnight/Frontend/index.html'. The folder will include a file 'solution.enc'. Reread the requirement description, and using the task solution hex bytes, obtain the 'solution.txt' file with the task solution description. Copy the text contents of the file and encode the content into bytes using UTF-8.",
            "encryptedSolution": "solution.enc",
            "decryptedSolution": "solution.txt"
        }
    }
]
